Workbook

Sheet Alarm Actions
A1: SNo | B1: Alarm Description | C1: Priority | D1: Action Required
A2: 1 | B2: tigo-cognito-prod-master-Monitoring-6I7LSTA3KZJH-DARApiGateway5XXErrorAlarm-13T4WI2OP8WG1 | C2: Warning/High | D2: Check if the alarms threshold value crossed the upper threshold with a huge difference or occurences 5 and above per hour, should be called On-Call person. Rest of the cases it can be ignored.
A3: 2 | B3: PaymentGateway-prod-Payment-Token-Microservice-Exceptions | C3: Minor | D3: If the occurrences reaches 5 and above per hour or crossing the threshold above 80+ , reach on-call person
A4: 3 | B4: PaymentGateway-prod-Event-Message-Processor-Exceptions | C4: Major | D4: Inform On-call person if the alarm crossess above 30,40 or 50 or else if the occurences is more than 5-10 per hour.
A5: 4 | B5: PaymentGateway-prod-Enrollment-Microservice-Exceptions | C5: Minor | D5: If the occurrences reaches 5 and above per hour or crossing the threshold above 15+ , reach on-call person
A6: 5 | B6: tigo-cognito-prod-master-Monitoring-6I7LSTA3KZJH-ApiGateway4XXErrorAlarm-JVPUWK4C0FV9 | C6: Warning/High | D6: Alarm can be ignored by NOC as it got depreicated.
A7: 6 | B7: PaymentGateway-prod-FulfillmentCallback-Worker-Exceptions | C7: Warning/High | D7: Check if we get multiple worker exception alarm at a time or occurrences of this alarm crosses above 5 per hour or threshold limit crosses above 10
A8: 7 | B8: PaymentGateway-prod-PaymentCallback-Worker-Exceptions | C8: Warning/High | D8: Check if we get multiple worker exception alarm at a time or occurrences of this alarm crosses above 5 per hour or threshold limit crosses above 10
A9: 8 | B9: tigo-cognito-prod-master-Monitoring-6I7LSTA3KZJH-LambdaThrottles-T4BHZQAJD6PY | C9: Critical | D9: Contact On-Call person if occurrence of the alarm crosses above 5 or threshold shouldn't cross above 15. Else it can ignored.
A10: 9 | B10: tigo-cognito-prod-master-Monitoring-6I7LSTA3KZJH-CMVApiGateway5XXErrorAlarm-5BI0M8K1NFWR | C10: Warning/High | D10: Check if the alarms threshold value crossed the upper threshold with a huge difference or occurences 5 and above per hour, should be called On-Call person. Rest of the cases it can be ignored.
A11: 10 | B11: tigo-cognito-prod-master-Monitoring-6I7LSTA3KZJH-DARApiGateway4XXErrorAlarm-1RU6CTB3HN9ZJ | C11: Warning/High | D11: Check if the alarms threshold value crossed the upper threshold with a huge difference or occurences 5 and above per hour, should be called On-Call person. Rest of the cases it can be ignored.
A12: 11 | B12: PaymentGateway-prod-Delete-Payment-Tokens-Processor-Exceptions | C12: Major | D12: Inform On-call person if the alarm crossess above 30,40 or 50 or else if the occurences is more than 5-10 per hour.
A13: 12 | B13: PaymentGateway-prod-API-5XXErrors | C13: Warning/High | D13: Contact On-call person when you receive this alarm, also inform us the occurrences and threshold value of those occurrences
... A81: 80 | B81: PaymentGateway-prod-Refund-Worker-Exceptions | C81: Warning/High | D81: Check if we get multiple worker exception alarm at a time or occurrences of this alarm crosses above 5 per hour or threshold limit crosses above 10

Sheet JIRA Ticket Priority
A1: Alarm Severity | B1: JIRA Severity | C1: Priority
A2: Critical | B2: Critical | C2: P1
A3: Warning/High | B3: Warning/High | C3: P2
A4: Major | B4: Medium | C4: P3
A5: Minor | B5: Low | C5: P4
A8: Note: Whenever any JIRA notification received under the name 'Mobsupport' inform L2 Team immediately via call

Sheet Escalation Matrix
A1: HEXAWARE CLOUD TEAM ESCALATION MATRIX - MILLICOM PROJECT
A2: Sr No | B2: Escalation Level | C2: Name | D2: Designation | E2: Email Address | F2: Phone Nos
A3: 1 | B3: L1 | C3: Sadhu Rajesh | D3: Cloud Team | E3: SadhuR@hexaware.com | F3: 7396431513
C4: Pradeep Damera | D4: Cloud Team | E4: pradeepd1@hexaware.com | F4: 9490851151
C5: Venesh G | D5: Cloud Team | E5: veneshg@hexaware.com | F5: 8712381509
C6: Tetali Kalyana Lakshmi | D6: Cloud Team | E6: TetaliK@Hexaware.com | F6: 8106978003
C7: Anand M R | D7: Cloud Team | E7: anandm4@hexaware.com | F7: 8610976780
C8: Dharanya S K | D8: Cloud Team | E8: dharanyas@hexaware.com | F8: 8921924728
C9: Manoj Kumar | D9: Cloud Team | E9: manojk25@hexaware.com | F9: 9597226869
A11: 2 | B11: L2 | C11: Nihal N | D11: Project Manager | E11: NihalN@hexaware.com | F11: 9894034537 / 8838966898
A13: 3 | B13: L3 | C13: Ravi Gunasekar | D13: Delivery Manager | E13: ravig5@hexaware.com | F13: 9840188289
A15: 4 | B15: L4 | C15: Sundeep Trehon | D15: Delivery Head/Director | E15: SundeepT@hexaware.com | F15: 9731966811

Sheet PG Alarms
A1: S.no | B1: Alarm Name | C1: Alarm Priority/Severity | D1: NOC Action Items
A2: 1 | B2: PaymentGateway-prod-Archive-RDS-Reader-LoginFailures | C2: Critical | D2: Contact On-call person quickly when you receive this alarm
A3: 2 | B3: PaymentGateway-prod-Archive-RDS-Writer-CPUUtilization | C3: Critical | D3: Contact On-call person quickly when you receive this alarm
A4: 3 | B4: PaymentGateway-prod-Archive-RDS-Writer-LoginFailures | C4: Critical | D4: Contact On-call person quickly when you receive this alarm
A5: 4 | B5: PaymentGateway-prod-Archive-RDS-Reader-CPUUtilization | C5: Critical | D5: Contact On-call person quickly when you receive this alarm
A6: 5 | B6: PaymentGateway-prod-EC2-DMS-EBS | C6: Critical | D6: Contact On-call person quickly when you receive this alarm
A7: 6 | B7: paymentgateway-base-config-prod-stack-AWSConfigConfigurationChangesAlarm-1OHM3CV72OFIR | C7: Critical | D7: Check with On-call person if any activity is In Progress. If not, it should be critical
A8: 7 | B8: paymentgateway-base-config-prod-stack-CloudtrailConfigChangesAlarm-1X4Y5JYE3DXZD | C8: Critical | D8: Check with On-call person if any activity is In Progress. If not, it should be critical
A9: 8 | B9: PaymentGateway-prod-Multiple-Fulfillment-Record-Processor-Throttles | C9: Critical | D9: Contact On-call person quickly when you receive this alarm
A10: 9 | B10: paymentgateway-base-config-prod-stack-SecurityGroupChangesAlarm-1WEWM69YFGXVM | C10: Critical | D10: Check with On-call person if any activity is In Progress. If not, it should be critical
A11: 10 | B11: paymentgateway-base-config-prod-stack-CustomerCreatedCMKDisableDeleteAlarm-1VU9VB7VZSXXU | C11: Critical | D11: Check with On-call person if any activity is In Progress. If not, it should be critical
A12: 11 | B12: paymentgateway-base-config-prod-stack-RouteTableChangesAlarm-1ERFHF3BNZLO2 | C12: Critical | D12: Check with On-call person if any activity is In Progress. If not, it should be critical
A13: 12 | B13: paymentgateway-base-config-prod-stack-VPCChangesAlarm-1VC29GI363JQH | C13: Critical | D13: Check with On-call person if any activity is In Progress. If not, it should be critical
... A357: 356 | B357: Pre-Order-prod-RDS-VolumeReadIOPs | C357: Critical | D357: Contact On-call person quickly when you receive this alarm

Sheet Tigo Alarms
A1: S.no | B1: Alarm Name | C1: Alarm Priority/Severity | D1: NOC Action Items
A2: 1 | B2: tigo-cognito-prod-master-Monitoring-6I7LSTA3KZJH-BillingSystemGetAccountsAPITimeoutErrorAlarm-1PCEMSDTPMP30 | C2: Critical | D2: If the alarm crosses more than 5 occurences per hour or threshold limit crosses above 100, then reach On-call person. Else no action required. | E2: =VLOOKUP(B2,'Alarm Actions'!B:D,3,FALSE) -> If the alarm crosses more than 5 occurences per hour or threshold limit crosses above 100, then reach On-call person. Else no action required.
A3: 2 | B3: tigo-cognito-prod-master-Monitoring-6I7LSTA3KZJH-LambdaThrottles-T4BHZQAJD6PY | C3: Critical | D3: Contact On-Call person if occurrence of the alarm crosses above 5 or threshold shouldn't cross above 15. Else it can ignored. | E3: =VLOOKUP(B3,'Alarm Actions'!B:D,3,FALSE) -> Contact On-Call person if occurrence of the alarm crosses above 5 or threshold shouldn't cross above 15. Else it can ignored.
A4: 3 | B4: tigo-cognito-prod-master-MonitoringOTP-UI11ZHWWG91S-OtpQueueAgeOfOldestMessageAlarm-48MGX1R6ANYA | C4: Critical | D4: If there are 5 occurrences in an hour, then should be treated as critical. Contact On-Call person immediately, else can be ignored. | E4: =VLOOKUP(B4,'Alarm Actions'!B:D,3,FALSE) -> If there are 5 occurrences in an hour, then should be treated as critical. Contact On-Call person immediately, else can be ignored.
A5: 4 | B5: tigo-cognito-prod-master-MonitoringOTP-UI11ZHWWG91S-ExternalKannelSendSMSApiFailedPYAlarm-1U7S5ZP8E6L72 | C5: Critical | D5: If there are 5 occurrences in an hour or receiving huge threshold value above 100, then should be treated as critical. Contact On-Call person immediately, else can be ignored. | E5: =VLOOKUP(B5,'Alarm Actions'!B:D,3,FALSE) -> If there are 5 occurrences in an hour or receiving huge threshold value above 100, then should be treated as critical. Contact On-Call person immediately, else can be ignored.
A6: 5 | B6: tigo-cognito-prod-master-MonitoringOTP-UI11ZHWWG91S-ExternalKannelSendSMSApiFailedBOAlarm-1Q5XE4HS9F4UW | C6: Critical | D6: If there are 5 occurrences in an hour or receiving huge threshold value above 100, then should be treated as critical. Contact On-Call person immediately, else can be ignored. | E6: =VLOOKUP(B6,'Alarm Actions'!B:D,3,FALSE) -> If there are 5 occurrences in an hour or receiving huge threshold value above 100, then should be treated as critical. Contact On-Call person immediately, else can be ignored.
A7: 6 | B7: tigo-cognito-prod-master-MonitoringOTP-UI11ZHWWG91S-ExternalKannelSendSMSApiFailedGTAlarm-10UW5IXKGEPUM | C7: Critical | D7: If there are 5 occurrences in an hour or receiving huge threshold value above 100, then should be treated as critical. Contact On-Call person immediately, else can be ignored. | E7: =VLOOKUP(B7,'Alarm Actions'!B:D,3,FALSE) -> If there are 5 occurrences in an hour or receiving huge threshold value above 100, then should be treated as critical. Contact On-Call person immediately, else can be ignored.
A8: 7 | B8: tigo-cognito-prod-master-MonitoringOTP-UI11ZHWWG91S-ExternalKannelSendSMSApiFailedCOAlarm-1V16AQ48LJ175 | C8: Critical | D8: If there are 5 occurrences in an hour or receiving huge threshold value above 100, then should be treated as critical. Contact On-Call person immediately, else can be ignored. | E8: =VLOOKUP(B8,'Alarm Actions'!B:D,3,FALSE) -> If there are 5 occurrences in an hour or receiving huge threshold value above 100, then should be treated as critical. Contact On-Call person immediately, else can be ignored.
A9: 8 | B9: tigo-cognito-prod-master-MonitoringOTP-UI11ZHWWG91S-ExternalKannelSendSMSApiFailedSVAlarm-DAVGKTP4943P | C9: Critical | D9: If there are 5 occurrences in an hour or receiving huge threshold value above 100, then should be treated as critical. Contact On-Call person immediately, else can be ignored. | E9: =VLOOKUP(B9,'Alarm Actions'!B:D,3,FALSE) -> If there are 5 occurrences in an hour or receiving huge threshold value above 100, then should be treated as critical. Contact On-Call person immediately, else can be ignored.
A10: 9 | B10: tigo-cognito-prod-master-MonitoringOTP-UI11ZHWWG91S-ExternalKannelSendSMSApiFailedNIAlarm-VZN5V2JN47X9 | C10: Critical | D10: If there are 5 occurrences in an hour or receiving huge threshold value above 100, then should be treated as critical. Contact On-Call person immediately, else can be ignored. | E10: =VLOOKUP(B10,'Alarm Actions'!B:D,3,FALSE) -> If there are 5 occurrences in an hour or receiving huge threshold value above 100, then should be treated as critical. Contact On-Call person immediately, else can be ignored.
A11: 10 | B11: tigo-cognito-prod-master-MonitoringOTP-UI11ZHWWG91S-ExternalKannelSendSMSApiFailedPAAlarm-11XVVAS37PNP2 | C11: Critical | D11: If there are 5 occurrences in an hour or receiving huge threshold value above 100, then should be treated as critical. Contact On-Call person immediately, else can be ignored. | E11: =VLOOKUP(B11,'Alarm Actions'!B:D,3,FALSE) -> If there are 5 occurrences in an hour or receiving huge threshold value above 100, then should be treated as critical. Contact On-Call person immediately, else can be ignored.
A12: 11 | B12: tigo-cognito-prod-master-Monitoring-6I7LSTA3KZJH-FunctionalAPILambdaErrorsAlarm-VWB76Y0V360H | C12: Critical | D12: Contact On-call person, whenever the threshold value crosses above 50. | E12: =VLOOKUP(B12,'Alarm Actions'!B:D,3,FALSE) -> #N/A
A13: 12 | B13: tigo-cognito-prod-master-Monitoring-6I7LSTA3KZJH-MeAPILambdaErrorsAlarm-B23DQIHG78AM | C13: Critical | D13: Contact On-call person, whenever the threshold value crosses above 50. | E13: =VLOOKUP(B13,'Alarm Actions'!B:D,3,FALSE) -> #N/A
... A163: 162 | B163: tigo-cognito-prod-master-Monitoring-Manual-RDSHighCPU-Reader | C163: Critical | D163: Inform On-call Person immediately, if this alarm triggeres | E163: =VLOOKUP(B163,'Alarm Actions'!B:D,3,FALSE) -> Inform On-call Person immediately, if this alarm triggeres
