Workbook

Sheet API Key Details
A1: Name | C1: Status | D1: ID | E1: API key | F1: Description | G1: Creation date
A2: ak-tigomoneyapp-prd-public-dar-api-pa | B2: =VLOOKUP(A2,'API Key & Usage Plan Details'!A:F,4,FALSE) -> ******H5zqrb | C2: Active | D2: y5316nmbo5 | E2: 05SaRlclkj1nZKiPT709E8BpCLvacO2uyQH5zqrb | G2: October 01, 2021, 19:41 (UTC+05:30)
A3: ak-loyalty-prd-public-dar-api-py | B3: =VLOOKUP(A3,'API Key & Usage Plan Details'!A:F,4,FALSE) -> ******yWQqy6 | C3: Active | D3: aupa3y09x6 | E3: 0SFdk8U2CP5zLKc1IVr2a9afSmQ61yN74IyWQqy6 | G3: May 23, 2023, 14:03 (UTC+05:30)
A4: ak-tigosports-prd-public-dar-api-py | B4: =VLOOKUP(A4,'API Key & Usage Plan Details'!A:F,4,FALSE) -> ******GiBg3m | C4: Active | D4: ghgb020mrg | E4: 0cabjJKDKe2elSaL3eyCI8frcik8amlw5HGiBg3m | G4: December 18, 2020, 13:41 (UTC+05:30)
A5: ak-auth0-prd-public-dar-api-sv | B5: =VLOOKUP(A5,'API Key & Usage Plan Details'!A:F,4,FALSE) -> ******nMCyUu | C5: Active | D5: 0xis3vc946 | E5: 0kfv0er0rd18WvvnJ6SrP2i7l74cUlTf2GnMCyUu | G5: May 12, 2023, 12:28 (UTC+05:30)
A6: ak-loyalty-prd-public-dar-api-pa | B6: =VLOOKUP(A6,'API Key & Usage Plan Details'!A:F,4,FALSE) -> ******xhxa4q | C6: Active | D6: 6i7tua1nyh | E6: 1CR6l6obJ63KLIkHkao6G5Gfq7JtxknP1Pxhxa4q | G6: May 23, 2023, 14:02 (UTC+05:30)
A7: ak-oneapp-prd-trusted-dar-api-py | B7: =VLOOKUP(A7,'API Key & Usage Plan Details'!A:F,4,FALSE) -> ******egEDLf | C7: Active | D7: ac49cjw0ed | E7: 1Vb41nqQKH9BdGZJ5BNB47TnmOSo0a3U61egEDLf | G7: February 10, 2021, 19:13 (UTC+05:30)
A8: ak-supermarket-prod-public-dar-api-gt | B8: =VLOOKUP(A8,'API Key & Usage Plan Details'!A:F,4,FALSE) -> ******hWlW1e | C8: Active | D8: 3p1963lv7i | E8: 1VzzKGirSSk8eq6YBcDs5eVuQeIQwa98IMhWlW1e | G8: April 19, 2024, 16:37 (UTC+05:30)
A9: ak-homeactivator-prd-trusted-dar-api-sv | B9: =VLOOKUP(A9,'API Key & Usage Plan Details'!A:F,4,FALSE) -> ******Rd3s7w | C9: Active | D9: 2ajscfewgc | E9: 1W3Sw7cttD21lmopFhpM29tJbLS8rknY3QRd3s7w | G9: June 22, 2020, 21:34 (UTC+05:30)
A10: ak-crmlocal-prd-trusted-dar-api-ni | B10: =VLOOKUP(A10,'API Key & Usage Plan Details'!A:F,4,FALSE) -> ******B99u5M | C10: Active | D10: eaifruni5d | E10: 1a6tCjftvC24am7xn7FmE5BGKbdFCAWl9WB99u5M | G10: July 09, 2020, 22:53 (UTC+05:30)
A11: ak-tigobot-prd-trusted-dar-api-pa | B11: =VLOOKUP(A11,'API Key & Usage Plan Details'!A:F,4,FALSE) -> ******C0oyfL | C11: Active | D11: t1mudxz8s2 | E11: 1d7gRHiqqG9TFbwUNGBSh4juxYKZ2Bi56LC0oyfL | G11: June 23, 2020, 16:56 (UTC+05:30)
A12: ak-expresspayments-prd-trusted-dar-api-hn | B12: =VLOOKUP(A12,'API Key & Usage Plan Details'!A:F,4,FALSE) -> ******Q1cL1G | C12: Active | D12: ug1takejuj | E12: 1xBxP2y7FC8DevI0XjLrJalwKIculHAS2SQ1cL1G | G12: August 23, 2022, 15:24 (UTC+05:30)
A13: ak-loyalty-prd-public-dar-api-bo | B13: =VLOOKUP(A13,'API Key & Usage Plan Details'!A:F,4,FALSE) -> ******6SXK48 | C13: Active | D13: w75vz1dezj | E13: 2BTH6QFDCU4BtYyUB3RsO4ylGvsfjs0dUt6SXK48 | G13: May 23, 2023, 14:02 (UTC+05:30)
... A265: ak-tigo-interactions-prod-public-dar-api-pa | B265: =VLOOKUP(A265,'API Key & Usage Plan Details'!A:F,4,FALSE) -> ******5Ohoh8 | C265: Active | D265: kg7s4za4wd | E265: zpZW3gcmPG1r4TExRBTDv4JB45o9CsNd4a5Ohoh8 | G265: July 04, 2024, 16:49 (UTC+05:30)

Sheet API Key & Usage Plan Details
A1: API Key Name | B1: API Key Channel Group | C1: API Key ID | D1: Masked API key | E1: API key | F1: Usage Plan Name | G1: Usage Plan ID | H1: API Key Channel | I1: API Key Channel Group | J1: API Key Country | K1: Request rate | L1: Burst | M1: Quota | N1: Status | O1: Description | P1: Creation date
A2: ak-oneapp-prd-public-dar-api-co-3 | B2: oneapp | C2: 4ft4svs43c | D2: ******bzP8PB | E2: 5DH9AS6frp1m8vDmV6oo0aBgOyAYyItb5sbzP8PB | F2: up-ak-oneapp-prd-public-dar-api-co-3 | G2: 11pu5a | H2: oneapp-prd-public-dar-api-co-3 | I2: oneapp | J2: co | K2: 100 per second | L2: 50 | M2: - | N2: Active | P2: May 31, 2023, 13:49 (UTC+05:30)
A3: ak-oneappweb-prd-public-dar-api-co-3 | B3: oneappweb | C3: 4cf5nuu5f1 | D3: ******RWqRd0 | E3: jnc83k3dlMFBMOxKA19q6wSyeLiO8dLpHURWqRd0 | F3: up-ak-oneappweb-prd-public-dar-api-co-3 | G3: j9gh0x | H3: oneappweb-prd-public-dar-api-co-3 | I3: oneappweb | J3: co | K3: 100 per second | L3: 50 | M3: - | N3: Active | P3: May 31, 2023, 13:29 (UTC+05:30)
A4: ak-auth0-prd-public-dar-api-bo | B4: auth0 | C4: ia4pykd9fa | D4: ******57LBpb | E4: LkcI8ie3SxaYkVyRYhCSB5QWh7ee5Ws67r57LBpb | F4: up-auth0-prd-public-dar-api-bo | G4: 7ocg79 | H4: auth0-prd-public-dar-api-bo | I4: auth0 | J4: bo | K4: 50 per second | L4: 25 | M4: - | N4: Active | P4: May 12, 2023, 12:17 (UTC+05:30)
A5: ak-auth0-prd-public-dar-api-co | B5: auth0 | C5: 16n14fkgnb | D5: ******qCzDMP | E5: DXuhtWdlSq38MmfyTylnE6wCz4ethQYU5TqCzDMP | F5: up-auth0-prd-public-dar-api-co | G5: xfkphq | H5: auth0-prd-public-dar-api-co | I5: auth0 | J5: co | K5: 50 per second | L5: 25 | M5: - | N5: Active | P5: April 04, 2023, 17:00 (UTC+05:30)
A6: ak-auth0-prd-public-dar-api-gt | B6: auth0 | C6: a6uo3eumib | D6: ******bGxVWK | E6: KEAglP4gSTatYtP1LdgnN4yNZMSSFBSaaAbGxVWK | F6: up-auth0-prd-public-dar-api-gt | G6: iyv6ic | H6: auth0-prd-public-dar-api-gt | I6: auth0 | J6: gt | K6: 50 per second | L6: 25 | M6: - | N6: Active | P6: April 04, 2023, 17:00 (UTC+05:30)
A7: ak-auth0-prd-public-dar-api-hn | B7: auth0 | C7: u33abienrg | D7: ******wScnTD | E7: SijFfyTRsc47cBi2cEeFk2KSnIsULCyQa7wScnTD | F7: up-auth0-prd-public-dar-api-hn | G7: djyod8 | H7: auth0-prd-public-dar-api-hn | I7: auth0 | J7: hn | K7: 50 per second | L7: 25 | M7: - | N7: Active | P7: April 04, 2023, 17:00 (UTC+05:30)
A8: ak-auth0-prd-public-dar-api-ni | B8: auth0 | C8: fexq8jpobb | D8: ******04N68f | E8: ELExhEmQT98XYrYuvfVmf9fekYvYtcDh9v04N68f | F8: up-auth0-prd-public-dar-api-ni | G8: 7midm7 | H8: auth0-prd-public-dar-api-ni | I8: auth0 | J8: ni | K8: 50 per second | L8: 25 | M8: - | N8: Active | P8: February 20, 2023, 14:46 (UTC+05:30)
A9: ak-auth0-prd-public-dar-api-pa | B9: auth0 | C9: wlyy5g8kdh | D9: ******6J67mw | E9: Oe6kPNcjjT8s5GL18USWp3Y0HCKDyLfw8a6J67mw | F9: up-auth0-prd-public-dar-api-pa | G9: 424vzh | H9: auth0-prd-public-dar-api-pa | I9: auth0 | J9: pa | K9: 50 per second | L9: 25 | M9: - | N9: Active | P9: February 20, 2023, 14:47 (UTC+05:30)
A10: ak-auth0-prd-public-dar-api-py | B10: auth0 | C10: jbk0c6sr5d | D10: ******ifAZ34 | E10: kKp70jI88I1jmqMxXBByADSdLGtlRUM5EIifAZ34 | F10: up-auth0-prd-public-dar-api-py | G10: bawrhl | H10: auth0-prd-public-dar-api-py | I10: auth0 | J10: py | K10: 50 per second | L10: 25 | M10: - | N10: Active | P10: May 12, 2023, 12:26 (UTC+05:30)
A11: ak-auth0-prd-public-dar-api-sv | B11: auth0 | C11: 0xis3vc946 | D11: ******nMCyUu | E11: 0kfv0er0rd18WvvnJ6SrP2i7l74cUlTf2GnMCyUu | F11: up-auth0-prd-public-dar-api-sv | G11: ssdr81 | H11: auth0-prd-public-dar-api-sv | I11: auth0 | J11: sv | K11: 250 per second | L11: 25 | M11: - | N11: Active | P11: May 12, 2023, 12:28 (UTC+05:30)
A12: ak-auth0-prd-public-dar-api-us | B12: auth0 | C12: qrec5mjadj | D12: ******qESMk5 | E12: ohSc9JshRi8htny4n4ZKG4tvSUihhlYAH8qESMk5 | F12: up-auth0-prd-public-dar-api-us | G12: 3egi77 | H12: auth0-prd-public-dar-api-us | I12: auth0 | J12: us | K12: 50 per second | L12: 25 | M12: - | N12: Active | P12: September 04, 2023, 15:57 (UTC+05:30)
A13: ak-auth0-prd-trusted-dar-api-bo | B13: auth0 | C13: py5drewf40 | D13: ******i3b9Eu | E13: SuJfQuSs1i4STY4sdfM3Y5CUrRg1du01api3b9Eu | F13: up-auth0-prd-trusted-dar-api-bo | G13: f9t6c5 | H13: auth0-prd-trusted-dar-api-bo | I13: auth0 | J13: bo | K13: 500 per second | L13: 50 | M13: - | N13: Active | P13: May 12, 2023, 12:24 (UTC+05:30)
... A22: ak-auth0-prd-trusted-dar-api-us | B22: auth0 | C22: 1nlhdy8xfb | D22: ******73JiO5 | E22: a3DKz8zXzr2GGEvPq0DK7Q9bXVBIfcF7OX73JiO5 | F22: up-auth0-prd-trusted-dar-api-us | G22: h5q8w6 | H22: auth0-prd-trusted-dar-api-us | I22: auth0 | J22: us | K22: 50 per second | L22: 25 | M22: - | N22: Active | P22: September 04, 2023, 15:56 (UTC+05:30)
A23: #N/A | B23: #N/A | C23: #N/A | D23: #N/A | E23: #N/A | F23: up-auth0federated-dev-trusted-dar-api-all | G23: hitm8z | H23: #N/A | I23: #N/A | K23: - | L23: - | M23: - | N23: #N/A | P23: #N/A
A24: ak-auth0federated-prod-trusted-dar-api-all | B24: auth0federated | C24: 8ickv81su6 | D24: ******MtbhKQ | E24: 70XiQpoE4h47jdVJM3x9M7GUtm7Y3qvZ7fMtbhKQ | F24: up-auth0federated-prod-trusted-dar-api-all | G24: f6q81u | H24: auth0federated-prod-trusted-dar-api-all | I24: auth0federated | J24: all | K24: 50 per second | L24: 25 | M24: - | N24: Active | P24: May 20, 2024, 20:24 (UTC+05:30)
A25: ak-auth0he-prd-trusted-dar-api-bo | B25: auth0he | C25: 65mkwcqmrd | D25: ******OrzHaN | E25: tYj3le2sTd7cg5GOvWWAA5630UaQ4fWy8LOrzHaN | F25: up-auth0he-prd-trusted-dar-api-bo | G25: zry176 | H25: auth0he-prd-trusted-dar-api-bo | I25: auth0he | J25: bo | K25: 50 per second | L25: 25 | M25: - | N25: Active | P25: May 11, 2023, 12:06 (UTC+05:30)
A26: ak-auth0he-prd-trusted-dar-api-co | B26: auth0he | C26: vb0yoqjyyk | D26: ******ZWN0Vb | E26: wdKteRG9Gw4142nnvQanp6UESYIMlnCa7tZWN0Vb | F26: up-auth0he-prd-trusted-dar-api-co | G26: g4cjd8 | H26: auth0he-prd-trusted-dar-api-co | I26: auth0he | J26: co | K26: 100 per second | L26: 50 | M26: - | N26: Active | P26: May 11, 2023, 12:06 (UTC+05:30)
A27: ak-auth0he-prd-trusted-dar-api-gt | B27: auth0he | C27: uq5o4qvnp9 | D27: ******e0rmDO | E27: o8t07PPbrv8Gh56JzieTP7A5pqV0iedp8Ve0rmDO | F27: up-auth0he-prd-trusted-dar-api-gt | G27: 0eezlu | H27: auth0he-prd-trusted-dar-api-gt | I27: auth0he | J27: gt | K27: 100 per second | L27: 50 | M27: - | N27: Active | P27: May 11, 2023, 12:07 (UTC+05:30)
A28: ak-auth0he-prd-trusted-dar-api-hn | B28: auth0he | C28: qh7amjgefj | D28: ******xWJLgS | E28: TiunLL2Ztv8SnE8RthiZy2muq4zYLibo1hxWJLgS | F28: up-auth0he-prd-trusted-dar-api-hn | G28: su0gnr | H28: auth0he-prd-trusted-dar-api-hn | I28: auth0he | J28: hn | K28: 50 per second | L28: 25 | M28: - | N28: Active | P28: May 11, 2023, 12:06 (UTC+05:30)
A29: ak-auth0he-prd-trusted-dar-api-ni | B29: auth0he | C29: t0psaagxm6 | D29: ******uiDaVh | E29: UEiJLZdMfa5eYd27lsH5B2bhWkaCoWVSf9uiDaVh | F29: up-auth0he-prd-trusted-dar-api-ni | G29: 1chd4r | H29: auth0he-prd-trusted-dar-api-ni | I29: auth0he | J29: ni | K29: 50 per second | L29: 25 | M29: - | N29: Active | P29: October 13, 2023, 14:22 (UTC+05:30)
A30: ak-auth0he-prd-trusted-dar-api-pa | B30: auth0he | C30: fyn1nwbj1f | D30: ******GqbO9U | E30: l89DV0YGRR5W0sRcqHdEF212P74JVKQHa2GqbO9U | F30: up-auth0he-prd-trusted-dar-api-pa | G30: xygrca | H30: auth0he-prd-trusted-dar-api-pa | I30: auth0he | J30: pa | K30: 50 per second | L30: 25 | M30: - | N30: Active | P30: May 24, 2023, 11:17 (UTC+05:30)
A31: ak-auth0he-prd-trusted-dar-api-py | B31: auth0he | C31: rbhl0wqrt5 | D31: ******sQAtG1 | E31: Tr5UlHIssc3lGVlEsZm7S9z0GN5ryU8k61sQAtG1 | F31: up-auth0he-prd-trusted-dar-api-py | G31: s7axd2 | H31: auth0he-prd-trusted-dar-api-py | I31: auth0he | J31: py | K31: 50 per second | L31: 25 | M31: - | N31: Active | P31: May 11, 2023, 12:07 (UTC+05:30)
A32: ak-auth0he-prd-trusted-dar-api-sv | B32: auth0he | C32: dkp0pohnd3 | D32: ******QXfADO | E32: m2SX4yDje42cznbPhPVe16HwluDtT8Oa6yQXfADO | F32: up-auth0he-prd-trusted-dar-api-sv | G32: fv2kb4 | H32: auth0he-prd-trusted-dar-api-sv | I32: auth0he | J32: sv | K32: 50 per second | L32: 25 | M32: - | N32: Active | P32: May 11, 2023, 12:07 (UTC+05:30)
A33: ak-caas-prd-trusted-dar-api-all | B33: caas | C33: 2prnf6zrvg | D33: ******0d7nuQ | E33: rYHHZaY5vH9hnt3Ab7J6M2gD4EHHkeVG3g0d7nuQ | F33: up-caas-prd-trusted-dar-api-all | G33: 4k5n9l | H33: caas-prd-trusted-dar-api-all | I33: caas | J33: all | K33: 50 per second | L33: 25 | M33: - | N33: Active | P33: August 21, 2023, 14:14 (UTC+05:30)
A34: ak-campaigns-prd-trusted-dar-api-bo | B34: campaigns | C34: u137sxohrl | D34: ******xDD4vO | E34: LB2SFIUKfL5gJIMwmtXVx3kBAuTxDSoK7wxDD4vO | F34: up-campaigns-prd-trusted-dar-api-bo | G34: gloduc | H34: campaigns-prd-trusted-dar-api-bo | I34: campaigns | J34: bo | K34: 10 per second | L34: 5 | M34: - | N34: Active | P34: August 05, 2020, 19:27 (UTC+05:30)
A35: ak-campaigns-prd-trusted-dar-api-co | B35: campaigns | C35: 9q5ea2sbx4 | D35: ******eYtAGU | E35: BOamcLSnLt7wOX3WvJ2h3731EBBCxYik9reYtAGU | F35: up-campaigns-prd-trusted-dar-api-co | G35: 9q287t | H35: campaigns-prd-trusted-dar-api-co | I35: campaigns | J35: co | K35: 10 per second | L35: 5 | M35: - | N35: Active | P35: August 05, 2020, 19:27 (UTC+05:30)
... A51: ak-crmlocal-prd-trusted-dar-api-sv | B51: crmlocal | C51: rlo0v1yvr9 | D51: ******iQyz1U | E51: bz7jiXVeaJ9Kcg3qIwv152SAgLkMDqx94iiQyz1U | F51: up-crmlocal-prd-trusted-dar-api-sv | G51: oqvrgz | H51: crmlocal-prd-trusted-dar-api-sv | I51: crmlocal | J51: sv | K51: 15 per second | L51: 8 | M51: - | N51: Active | P51: July 09, 2020, 22:52 (UTC+05:30)
A52: ak-dar-api-prd-cmv-sectest-all | B52: dar | C52: g6yi5rh6e3 | D52: ******kS5kSc | E52: HwfHpLlYj43Ph8b2g2MpS9tqvJ835bZn3LkS5kSc | F52: up-dar-api-prd-cmv-sectest-all | G52: g017u8 | H52: dar-api-prd-cmv-sectest-all | I52: dar | J52: all | K52: - | L52: - | M52: - | N52: Active | P52: January 21, 2021, 21:11 (UTC+05:30)
A53: ak-dar-api-prd-party-sectest-all | B53: dar | C53: h7fr1jmpbh | D53: ******ginQdq | E53: ipON4qWQ7Y2jClSxeoeDO2HDFtwxpTMp1yginQdq | F53: up-dar-api-prd-party-sectest-all | G53: fuz172 | H53: dar-api-prd-party-sectest-all | I53: dar | J53: all | K53: - | L53: - | M53: - | N53: Active | P53: January 21, 2021, 21:10 (UTC+05:30)
A54: ak-dataservices-prd-trusted-dar-api-co | B54: dataservices | C54: hy7oj273r7 | D54: ******3wNvSu | E54: 6BVvrySsMI2pNDwqLEy1m5OqXCu3voy27A3wNvSu | F54: up-dataservices-prd-trusted-dar-api-co | G54: ffr7q9 | H54: dataservices-prd-trusted-dar-api-co | I54: dataservices | J54: co | K54: 50 per second | L54: 25 | M54: - | N54: Active | P54: March 08, 2023, 12:19 (UTC+05:30)
A55: ak-discovery-backend-prd-trusted-dar-api-co | B55: discovery | C55: peu59o41oa | D55: ******3S7UaY | E55: apzHpxNU0N5uG3egka2IJ4gHp7HV95bB5n3S7UaY | F55: up-discovery-backend-prd-trusted-dar-api-co | G55: ujwwlu | H55: discovery-backend-prd-trusted-dar-api-co | I55: discovery | J55: co | K55: 10 per second | L55: 10 | M55: - | N55: Active | P55: May 23, 2023, 14:07 (UTC+05:30)
A56: ak-ecommerce-prd-trusted-dar-api-bo | B56: ecommerce | C56: exsy33enkg | D56: ******TLuke8 | E56: Oamnh38vFW9smSkdkrXGyaCaGf26YLI5aZTLuke8 | F56: up-ecommerce-prd-trusted-dar-api-bo | G56: 31evbq | H56: ecommerce-prd-trusted-dar-api-bo | I56: ecommerce | J56: bo | K56: 15 per second | L56: 8 | M56: - | N56: Active | P56: April 08, 2022, 08:29 (UTC+05:30)
A57: ak-ecommerce-prd-trusted-dar-api-co | B57: ecommerce | C57: d1i056tonb | D57: ******x9lzGT | E57: H3cxa9sbfA6MqEjP1YaBV9ZfWE6uvwD58ix9lzGT | F57: up-ecommerce-prd-trusted-dar-api-co | G57: mz7gyu | H57: ecommerce-prd-trusted-dar-api-co | I57: ecommerce | J57: co | K57: 15 per second | L57: 8 | M57: - | N57: Active | P57: April 08, 2022, 08:29 (UTC+05:30)
A58: ak-ecommerce-prd-trusted-dar-api-cr | B58: ecommerce | C58: sqewar70o2 | D58: ******8SaMRQ | E58: wRIFXxrFK78IN2PwliPhW8uEaRlcL6qi5F8SaMRQ | F58: up-ecommerce-prd-trusted-dar-api-cr | G58: pgzbhd | H58: ecommerce-prd-trusted-dar-api-cr | I58: ecommerce | J58: cr | K58: 15 per second | L58: 8 | M58: - | N58: Active | P58: April 08, 2022, 08:29 (UTC+05:30)
A59: ak-ecommerce-prd-trusted-dar-api-gt | B59: ecommerce | C59: zdj5k314f1 | D59: ******OR7dX4 | E59: CezOySFab3NDeqSYYMJe2tDwC5eheYbaj9OR7dX4 | F59: up-ecommerce-prd-trusted-dar-api-gt | G59: 4ad2wy | H59: ecommerce-prd-trusted-dar-api-gt | I59: ecommerce | J59: gt | K59: 15 per second | L59: 8 | M59: - | N59: Active | P59: April 08, 2022, 08:30 (UTC+05:30)
A60: ak-ecommerce-prd-trusted-dar-api-hn | B60: ecommerce | C60: i5qkaxxy8c | D60: ******cRc3HV | E60: ng5ra4LLOE1q0ARJ9YjEq3lqgAK2UqRe5ucRc3HV | F60: up-ecommerce-prd-trusted-dar-api-hn | G60: t8ckbq | H60: ecommerce-prd-trusted-dar-api-hn | I60: ecommerce | J60: hn | K60: 15 per second | L60: 8 | M60: - | N60: Active | P60: April 08, 2022, 08:29 (UTC+05:30)
A61: ak-ecommerce-prd-trusted-dar-api-ni | B61: ecommerce | C61: q31f7ibofj | D61: ******lXLJgd | E61: XRwrX9hj5c6PmB8NYaApP8Ah6FvJUd6k2MlXLJgd | F61: up-ecommerce-prd-trusted-dar-api-ni | G61: 6g68a3 | H61: ecommerce-prd-trusted-dar-api-ni | I61: ecommerce | J61: ni | K61: 15 per second | L61: 8 | M61: - | N61: Active | P61: April 08, 2022, 08:30 (UTC+05:30)
A62: ak-ecommerce-prd-trusted-dar-api-pa | B62: ecommerce | C62: romdgtfs34 | D62: ******OT8upe | E62: JRhrEzVFcs5yyoNaozGwN1NvjWNSSEbhboOT8upe | F62: up-ecommerce-prd-trusted-dar-api-pa | G62: 3wfdq2 | H62: ecommerce-prd-trusted-dar-api-pa | I62: ecommerce | J62: pa | K62: 15 per second | L62: 8 | M62: - | N62: Active | P62: April 08, 2022, 08:30 (UTC+05:30)
A63: ak-ecommerce-prd-trusted-dar-api-py | B63: ecommerce | C63: hz86777fcf | D63: ******KmW6Rg | E63: BMrAYpd4Mr1ZV7yEXh80r1zA2otXF8cF8CKmW6Rg | F63: up-ecommerce-prd-trusted-dar-api-py | G63: 2nxgx1 | H63: ecommerce-prd-trusted-dar-api-py | I63: ecommerce | J63: py | K63: 15 per second | L63: 8 | M63: - | N63: Active | P63: April 08, 2022, 08:30 (UTC+05:30)
A64: ak-ecommerce-prd-trusted-dar-api-sv | B64: ecommerce | C64: 6426z2ow78 | D64: ******X8dcBF | E64: WWnB2r2umE4gFMr5EY4nR2TK1rQ9szxraZX8dcBF | F64: up-ecommerce-prd-trusted-dar-api-sv | G64: cuyzq9 | H64: ecommerce-prd-trusted-dar-api-sv | I64: ecommerce | J64: sv | K64: 15 per second | L64: 8 | M64: - | N64: Active | P64: April 08, 2022, 08:30 (UTC+05:30)
A65: ak-expresspayments-prd-trusted-dar-api-bo | B65: expresspayments | C65: 5chk2yuh73 | D65: ******PIUGPi | E65: WoulTVny3G6RW95fA5n3D1TFfWkVaogd86PIUGPi | F65: up-expresspayments-prd-trusted-dar-api-bo | G65: 3kx5fl | H65: expresspayments-prd-trusted-dar-api-bo | I65: expresspayments | J65: bo | K65: 20 per second | L65: 10 | M65: - | N65: Active | P65: August 23, 2022, 15:24 (UTC+05:30)
A66: ak-expresspayments-prd-trusted-dar-api-co | B66: expresspayments | C66: iqftw6cb1j | D66: ******MwxiXA | E66: yW8faci032adVucSRBjT27cNe671hBUN7aMwxiXA | F66: up-expresspayments-prd-trusted-dar-api-co | G66: 5dr11j | H66: expresspayments-prd-trusted-dar-api-co | I66: expresspayments | J66: co | K66: 100 per second | L66: 50 | M66: - | N66: Active | P66: August 23, 2022, 15:24 (UTC+05:30)
A67: ak-expresspayments-prd-trusted-dar-api-cr | B67: expresspayments | C67: z0e22ciktj | D67: ******eXA0Gb | E67: FciZMkEUoS8dwlE6FFaNwaLg8DcLXJKx4xeXA0Gb | F67: up-expresspayments-prd-trusted-dar-api-cr | G67: 0gnj0t | H67: expresspayments-prd-trusted-dar-api-cr | I67: expresspayments | J67: cr | K67: - | L67: - | M67: - | N67: Active | P67: August 23, 2022, 15:24 (UTC+05:30)
A68: ak-expresspayments-prd-trusted-dar-api-gt | B68: expresspayments | C68: p7deq7dkh1 | D68: ******01A26f | E68: xI1sSaWAgE8IEYvLdwXCA3nsnrTcPcEi1N01A26f | F68: up-expresspayments-prd-trusted-dar-api-gt | G68: z6327y | H68: expresspayments-prd-trusted-dar-api-gt | I68: expresspayments | J68: gt | K68: - | L68: - | M68: - | N68: Active | P68: August 23, 2022, 15:24 (UTC+05:30)
A69: ak-expresspayments-prd-trusted-dar-api-hn | B69: expresspayments | C69: ug1takejuj | D69: ******Q1cL1G | E69: 1xBxP2y7FC8DevI0XjLrJalwKIculHAS2SQ1cL1G | F69: up-expresspayments-prd-trusted-dar-api-hn | G69: i60mxm | H69: expresspayments-prd-trusted-dar-api-hn | I69: expresspayments | J69: hn | K69: - | L69: - | M69: - | N69: Active | P69: August 23, 2022, 15:24 (UTC+05:30)
A70: ak-expresspayments-prd-trusted-dar-api-ni | B70: expresspayments | C70: 42ir6dzw4g | D70: ******M1P1xe | E70: uNq4FnVH8W9Ov13vjU6RbaG5xtbchsgdziM1P1xe | F70: up-expresspayments-prd-trusted-dar-api-ni | G70: jq19g0 | H70: expresspayments-prd-trusted-dar-api-ni | I70: expresspayments | J70: ni | K70: - | L70: - | M70: - | N70: Active | P70: August 23, 2022, 15:25 (UTC+05:30)
A71: ak-expresspayments-prd-trusted-dar-api-pa | B71: expresspayments | C71: 7cbbql4gol | D71: ******MWhV1W | E71: m8LngeYSMQ4ukrNpVUYUr4GeHBkViqyx9mMWhV1W | F71: up-expresspayments-prd-trusted-dar-api-pa | G71: 647ciu | H71: expresspayments-prd-trusted-dar-api-pa | I71: expresspayments | J71: pa | K71: - | L71: - | M71: - | N71: Active | P71: August 23, 2022, 15:25 (UTC+05:30)
A72: ak-expresspayments-prd-trusted-dar-api-py | B72: expresspayments | C72: fnkgv2u6i9 | D72: ******OlpLgK | E72: 7qlUsXlHXZ4ZW4nJAANdO32TpgVDlF5n9uOlpLgK | F72: up-expresspayments-prd-trusted-dar-api-py | G72: klnwzr | H72: expresspayments-prd-trusted-dar-api-py | I72: expresspayments | J72: py | K72: - | L72: - | M72: - | N72: Active | P72: August 23, 2022, 15:24 (UTC+05:30)
A73: ak-expresspayments-prd-trusted-dar-api-sv | B73: expresspayments | C73: 09i19dkhk8 | D73: ******XIu2zi | E73: n3JGyHaDTZ7MdG7Z6dpchtgeu4YNdbP55VXIu2zi | F73: up-expresspayments-prd-trusted-dar-api-sv | G73: zofprw | H73: expresspayments-prd-trusted-dar-api-sv | I73: expresspayments | J73: sv | K73: - | L73: - | M73: - | N73: Active | P73: August 23, 2022, 15:24 (UTC+05:30)
A74: ak-homeactivator-prd-trusted-dar-api-bo | B74: homeactivator | C74: n3xsgoihxf | D74: ******rp2hNv | E74: 6Dmcp1gEvEaxU70NBO1hg8bKlg414xQC4orp2hNv | F74: up-homeactivator-prd-trusted-dar-api-bo | G74: aqjkv1 | H74: homeactivator-prd-trusted-dar-api-bo | I74: homeactivator | J74: bo | K74: - | L74: - | M74: - | N74: Active | P74: August 05, 2021, 18:24 (UTC+05:30)
A75: ak-homeactivator-prd-trusted-dar-api-co | B75: homeactivator | C75: ae611faha8 | D75: ******7nt5aP | E75: ysz9oRHQwGaTTuqRZ66KX7YmkjNg7iJW4u7nt5aP | F75: up-homeactivator-prd-trusted-dar-api-co | G75: uifmad | H75: homeactivator-prd-trusted-dar-api-co | I75: homeactivator | J75: co | K75: - | L75: - | M75: - | N75: Active | P75: August 05, 2021, 18:25 (UTC+05:30)
A76: ak-homeactivator-prd-trusted-dar-api-cr | B76: homeactivator | C76: 5mk1dgcm5j | D76: ******Ix8qRg | E76: GoA4MxvVwsK0J5aj6QRt7Tf6t8C1fBE3YtIx8qRg | F76: up-homeactivator-prd-trusted-dar-api-cr | G76: h4mj5n | H76: homeactivator-prd-trusted-dar-api-cr | I76: homeactivator | J76: cr | K76: - | L76: - | M76: - | N76: Active | P76: August 05, 2021, 18:24 (UTC+05:30)
A77: ak-homeactivator-prd-trusted-dar-api-gt | B77: homeactivator | C77: ntol1sa3o7 | D77: ******IqB0sy | E77: phA8KpwQ069fww4DHvJuK3VzONug8tuT2zIqB0sy | F77: up-homeactivator-prd-trusted-dar-api-gt | G77: sbfth5 | H77: homeactivator-prd-trusted-dar-api-gt | I77: homeactivator | J77: gt | K77: - | L77: - | M77: - | N77: Active | P77: August 05, 2021, 18:24 (UTC+05:30)
A78: ak-homeactivator-prd-trusted-dar-api-hn | B78: homeactivator | C78: l1lb6gchdg | D78: ******rkOU7H | E78: rpCVHPar8L76F8HXKePDW47TJ77xAeMI5brkOU7H | F78: up-homeactivator-prd-trusted-dar-api-hn | G78: gdbsnu | H78: homeactivator-prd-trusted-dar-api-hn | I78: homeactivator | J78: hn | K78: - | L78: - | M78: - | N78: Active | P78: August 05, 2021, 18:24 (UTC+05:30)
... A82: ak-homeactivator-prd-trusted-dar-api-sv | B82: homeactivator | C82: 2ajscfewgc | D82: ******Rd3s7w | E82: 1W3Sw7cttD21lmopFhpM29tJbLS8rknY3QRd3s7w | F82: up-homeactivator-prd-trusted-dar-api-sv | G82: vjh9qy | H82: homeactivator-prd-trusted-dar-api-sv | I82: homeactivator | J82: sv | K82: - | L82: - | M82: - | N82: Active | P82: June 22, 2020, 21:34 (UTC+05:30)
A83: ak-localactivator-prod-trusted-dar-api-co | B83: localactivator | C83: f2666k7agc | D83: ******9DzIlN | E83: ZwfHyGAYoD7RXwb3tkrGz8Iz5g4FuYe81e9DzIlN | F83: up-localactivator-prod-trusted-dar-api-co | G83: vwze5z | H83: localactivator-prod-trusted-dar-api-co | I83: localactivator | J83: co | K83: 50 per second | L83: 25 | M83: - | N83: Active | P83: February 10, 2023, 15:04 (UTC+05:30)
A84: ak-loyalty-prd-public-dar-api-bo | B84: loyalty | C84: w75vz1dezj | D84: ******6SXK48 | E84: 2BTH6QFDCU4BtYyUB3RsO4ylGvsfjs0dUt6SXK48 | F84: up-loyalty-prd-public-dar-api-bo | G84: 9k5uzu | H84: loyalty-prd-public-dar-api-bo | I84: loyalty | J84: bo | K84: 10 per second | L84: 10 | M84: - | N84: Active | P84: May 23, 2023, 14:02 (UTC+05:30)
A85: ak-loyalty-prd-public-dar-api-co | B85: loyalty | C85: 0v19f81o49 | D85: ******sDWAtB | E85: XrMJGsLjrF1g5jugZBLiC3KvpHtp20sn6EsDWAtB | F85: up-loyalty-prd-public-dar-api-co | G85: ow4wo2 | H85: loyalty-prd-public-dar-api-co | I85: loyalty | J85: co | K85: 10 per second | L85: 10 | M85: - | N85: Active | P85: May 23, 2023, 14:02 (UTC+05:30)
A86: ak-loyalty-prd-public-dar-api-cr | B86: loyalty | C86: 5pflnmtxvj | D86: ******F4oUge | E86: 9VgC7CdNR235gMnDeW3dC2hqOFqnNXL2auF4oUge | F86: up-loyalty-prd-public-dar-api-cr | G86: o4ob1m | H86: loyalty-prd-public-dar-api-cr | I86: loyalty | J86: cr | K86: 10 per second | L86: 10 | M86: - | N86: Active | P86: May 23, 2023, 14:02 (UTC+05:30)
A87: ak-loyalty-prd-public-dar-api-gt | B87: loyalty | C87: ex8m0gpykd | D87: ******2SxG5o | E87: wlECOM3nhH88c6gVbBcrg3SV0oSa9Pwc9J2SxG5o | F87: up-loyalty-prd-public-dar-api-gt | G87: vh8vwe | H87: loyalty-prd-public-dar-api-gt | I87: loyalty | J87: gt | K87: 10 per second | L87: 10 | M87: - | N87: Active | P87: May 23, 2023, 14:01 (UTC+05:30)
A88: ak-loyalty-prd-public-dar-api-hn | B88: loyalty | C88: j0afk1h6pc | D88: ******qqqNgK | E88: SmgiDUVXuH7tnRlmcp4kA7IkW1xU6bvA7OqqqNgK | F88: up-loyalty-prd-public-dar-api-hn | G88: rd07ms | H88: loyalty-prd-public-dar-api-hn | I88: loyalty | J88: hn | K88: 10 per second | L88: 10 | M88: - | N88: Active | P88: May 23, 2023, 14:02 (UTC+05:30)
A89: ak-loyalty-prd-public-dar-api-ni | B89: loyalty | C89: 40sd8lpor2 | D89: ******TlJwbC | E89: MoYRVeubbX81UM5zHK3lk8mNJ3Wbs18k8vTlJwbC | F89: up-loyalty-prd-public-dar-api-ni | G89: 23368p | H89: loyalty-prd-public-dar-api-ni | I89: loyalty | J89: ni | K89: 10 per second | L89: 10 | M89: - | N89: Active | P89: May 23, 2023, 14:02 (UTC+05:30)
A90: ak-loyalty-prd-public-dar-api-pa | B90: loyalty | C90: 6i7tua1nyh | D90: ******xhxa4q | E90: 1CR6l6obJ63KLIkHkao6G5Gfq7JtxknP1Pxhxa4q | F90: up-loyalty-prd-public-dar-api-pa | G90: oy8de0 | H90: loyalty-prd-public-dar-api-pa | I90: loyalty | J90: pa | K90: 10 per second | L90: 10 | M90: - | N90: Active | P90: May 23, 2023, 14:02 (UTC+05:30)
A91: ak-loyalty-prd-public-dar-api-py | B91: loyalty | C91: aupa3y09x6 | D91: ******yWQqy6 | E91: 0SFdk8U2CP5zLKc1IVr2a9afSmQ61yN74IyWQqy6 | F91: up-loyalty-prd-public-dar-api-py | G91: wigt65 | H91: loyalty-prd-public-dar-api-py | I91: loyalty | J91: py | K91: 10 per second | L91: 10 | M91: - | N91: Active | P91: May 23, 2023, 14:03 (UTC+05:30)
A92: ak-loyalty-prd-public-dar-api-sv | B92: loyalty | C92: m4nnkb53z6 | D92: ******PMP60A | E92: gTE13R8LIY8TBQ0Dvu5LO8FSGyjDXeC552PMP60A | F92: up-loyalty-prd-public-dar-api-sv | G92: d1qr8r | H92: loyalty-prd-public-dar-api-sv | I92: loyalty | J92: sv | K92: 10 per second | L92: 10 | M92: - | N92: Active | P92: May 23, 2023, 14:02 (UTC+05:30)
A93: ak-medux-prd-trusted-dar-api-co | B93: medux | C93: u79itshhwb | D93: ******iEHV33 | E93: L6dbkRXJmq2tHNlYrQap978Zb0l0ACDYaiiEHV33 | F93: up-medux-prd-trusted-dar-api-co | G93: o7cceo | H93: medux-prd-trusted-dar-api-co | I93: medux | J93: co | K93: 20 per second | L93: 7 | M93: - | N93: Active | P93: May 09, 2023, 10:58 (UTC+05:30)
A94: ak-mitienda-prd-trusted-dar-api-bo | B94: mitienda | C94: 72or1u6on6 | D94: ******y6u8e3 | E94: RvPNGQLArW4B28KNaibf85icMAyyyIut3uy6u8e3 | F94: up-mitienda-prd-trusted-dar-api-bo | G94: hfvqlw | H94: mitienda-prd-trusted-dar-api-bo | I94: mitienda | J94: bo | K94: 15 per second | L94: 8 | M94: - | N94: Active | P94: June 27, 2022, 14:53 (UTC+05:30)
... A138: ak-oneapp-prd-trusted-dar-api-sv | B138: oneapp | C138: m99exjtrah | D138: ******62Nhzh | E138: OICx4dxADs7YkTuCnGxum6W1nnqo6CdK4d62Nhzh | F138: up-oneapp-prd-trusted-dar-api-sv | G138: urwmpy | H138: oneapp-prd-trusted-dar-api-sv | I138: oneapp | J138: sv | K138: 50 per second | L138: 25 | M138: - | N138: Active | P138: July 16, 2020, 15:00 (UTC+05:30)
A139: ak-oneapp2-prd-trusted-dar-api-co | B139: oneapp2 | C139: soy6p9524d | D139: ******2igGvv | E139: QUQjcVPxOZ2Wbt95ecQ6i3s4dmrohPcZa22igGvv | F139: up-oneapp2-prd-trusted-dar-api-co | G139: 2cpv6h | H139: oneapp2-prd-trusted-dar-api-co | I139: oneapp2 | J139: co | K139: - | L139: - | M139: - | N139: Active | P139: December 18, 2020, 19:33 (UTC+05:30)
A140: ak-oneappapigee-prd-trusted-dar-api-bo | B140: oneappapigee | C140: d0unb24n78 | D140: ******ppDC1L | E140: wycFIfkZ0k1Dck94mPZMD84U86UZ03jJ9EppDC1L | F140: up-oneappapigee-prd-trusted-dar-api-bo | G140: mmp5po | H140: oneappapigee-prd-trusted-dar-api-bo | I140: oneappapigee | J140: bo | K140: 10 per second | L140: 5 | M140: - | N140: Active | P140: September 15, 2022, 13:07 (UTC+05:30)
A141: ak-oneappapigee-prd-trusted-dar-api-co | B141: oneappapigee | C141: dn2h35ht8e | D141: ******4FjhT8 | E141: NJYSLbpcxv8jqBw5r8MDODHlbs3NmxH2YA4FjhT8 | F141: up-oneappapigee-prd-trusted-dar-api-co | G141: le128j | H141: oneappapigee-prd-trusted-dar-api-co | I141: oneappapigee | J141: co | K141: 50 per second | L141: 25 | M141: - | N141: Active | P141: September 15, 2022, 13:11 (UTC+05:30)
A142: ak-oneappapigee-prd-trusted-dar-api-cr | B142: oneappapigee | C142: ko9d7bhwm1 | D142: ******JrGVy2 | E142: bi6SOrE2o85Yb4m5w3fiU9QdAPW1Aq9ud7JrGVy2 | F142: up-oneappapigee-prd-trusted-dar-api-cr | G142: q1wpjk | H142: oneappapigee-prd-trusted-dar-api-cr | I142: oneappapigee | J142: cr | K142: 10 per second | L142: 5 | M142: - | N142: Active | P142: September 15, 2022, 13:07 (UTC+05:30)
A143: ak-oneappapigee-prd-trusted-dar-api-gt | B143: oneappapigee | C143: i0c6g9qjy9 | D143: ******yFfR2M | E143: hVU1XfzYXI6PkkjQyRMZZ7U58ltJi72l6PyFfR2M | F143: up-oneappapigee-prd-trusted-dar-api-gt | G143: qz0skd | H143: oneappapigee-prd-trusted-dar-api-gt | I143: oneappapigee | J143: gt | K143: 10 per second | L143: 5 | M143: - | N143: Active | P143: September 15, 2022, 13:11 (UTC+05:30)
A144: ak-oneappapigee-prd-trusted-dar-api-hn | B144: oneappapigee | C144: emolfm2ol9 | D144: ******V2ZQhE | E144: FPwCcL6nQn4xGS252hBur4D36t9UuxbV7eV2ZQhE | F144: up-oneappapigee-prd-trusted-dar-api-hn | G144: exo1hz | H144: oneappapigee-prd-trusted-dar-api-hn | I144: oneappapigee | J144: hn | K144: 10 per second | L144: 5 | M144: - | N144: Active | P144: September 15, 2022, 13:07 (UTC+05:30)
A145: ak-oneappapigee-prd-trusted-dar-api-ni | B145: oneappapigee | C145: yl6s7s005j | D145: ******mQhfdk | E145: LrJUQ5HVrc22wOGLroxUBaaawUk8iBOt3hmQhfdk | F145: up-oneappapigee-prd-trusted-dar-api-ni | G145: 1ama8x | H145: oneappapigee-prd-trusted-dar-api-ni | I145: oneappapigee | J145: ni | K145: 10 per second | L145: 5 | M145: - | N145: Active | P145: September 15, 2022, 13:07 (UTC+05:30)
A146: ak-oneappapigee-prd-trusted-dar-api-pa | B146: oneappapigee | C146: kmuhhvl5d3 | D146: ******FjjEu4 | E146: edGklKQIGd1T160RaRato8v7pdrK5tTu4dFjjEu4 | F146: up-oneappapigee-prd-trusted-dar-api-pa | G146: 9oi94w | H146: oneappapigee-prd-trusted-dar-api-pa | I146: oneappapigee | J146: pa | K146: 10 per second | L146: 5 | M146: - | N146: Active | P146: September 15, 2022, 13:08 (UTC+05:30)
A147: ak-oneappapigee-prd-trusted-dar-api-py | B147: oneappapigee | C147: tdrgcgw6va | D147: ******mf2CAg | E147: cPSJPqTaa19bKjPXl7w5z2N9synR9imL8lmf2CAg | F147: up-oneappapigee-prd-trusted-dar-api-py | G147: 3q8yc0 | H147: oneappapigee-prd-trusted-dar-api-py | I147: oneappapigee | J147: py | K147: 10 per second | L147: 5 | M147: - | N147: Active | P147: September 15, 2022, 13:08 (UTC+05:30)
A148: ak-oneappapigee-prd-trusted-dar-api-sv | B148: oneappapigee | C148: qq3zf76rg4 | D148: ******cEZsk2 | E148: jBb0p2de2B4sWEJIHtFgDasVAp9wwP3v7DcEZsk2 | F148: up-oneappapigee-prd-trusted-dar-api-sv | G148: v66e5z | H148: oneappapigee-prd-trusted-dar-api-sv | I148: oneappapigee | J148: sv | K148: 10 per second | L148: 5 | M148: - | N148: Active | P148: September 15, 2022, 13:08 (UTC+05:30)
A149: ak-oneappexpress-prd-trusted-dar-api-bo | B149: oneappexpress | C149: l7mqhpbud1 | D149: ******U68GdE | E149: J8o0qd8lTw3hzvCD7M2OpaZQBpvMEzbP1UU68GdE | F149: up-oneappexpress-prd-trusted-dar-api-bo | G149: 2wllr3 | H149: oneappexpress-prd-trusted-dar-api-bo | I149: oneappexpress | J149: bo | K149: 10 per second | L149: 5 | M149: - | N149: Active | P149: October 19, 2023, 12:56 (UTC+05:30)
A150: ak-oneappexpress-prd-trusted-dar-api-co | B150: oneappexpress | C150: jm0tvdjha1 | D150: ******SogGAa | E150: 7qQADhGpcC4P1GAv1TJoV1A4XlxXJ5EO6oSogGAa | F150: up-oneappexpress-prd-trusted-dar-api-co | G150: dbjjw3 | H150: oneappexpress-prd-trusted-dar-api-co | I150: oneappexpress | J150: co | K150: 10 per second | L150: 5 | M150: - | N150: Active | P150: October 19, 2023, 12:56 (UTC+05:30)
A151: ak-oneappexpress-prd-trusted-dar-api-cr | B151: oneappexpress | C151: yr3fwztig2 | D151: ******KihYkK | E151: qWBkxUwLC39DjhqTjlWnY3meIZ5zSxau45KihYkK | F151: up-oneappexpress-prd-trusted-dar-api-cr | G151: jvtggf | H151: oneappexpress-prd-trusted-dar-api-cr | I151: oneappexpress | J151: cr | K151: 10 per second | L151: 5 | M151: - | N151: Active | P151: October 19, 2023, 12:56 (UTC+05:30)
... A162: ak-plume-uat-trusted-dar-api-all | B162: plume | C162: 3i1areacpi | D162: ******Y0lUhy | E162: r61QHusbN63d1eF8np3t38TjkL0UFhQ679Y0lUhy | F162: up-plume-uat-trusted-dar-api-all | G162: 0067b5 | H162: plume-uat-trusted-dar-api-all | I162: plume | J162: all | K162: 50 per second | L162: 25 | M162: - | N162: Active | P162: May 09, 2023, 11:14 (UTC+05:30)
A163: ak-pre2pos-prd-trusted-dar-api-hn | B163: pre2pos | C163: jxsnua8u36 | D163: ******TkgMQz | E163: yzFtamwPuBa6e5LEOJqGoarpt8xp1Hqm9OTkgMQz | F163: up-pre2pos-prd-trusted-dar-api-hn | G163: at5dy4 | H163: pre2pos-prd-trusted-dar-api-hn | I163: pre2pos | J163: hn | K163: - | L163: - | M163: - | N163: Active | P163: August 17, 2020, 18:55 (UTC+05:30)
A164: ak-profilinghorus-prd-trusted-dar-api-gt | B164: profilinghorus | C164: fadw8y6uei | D164: ******7OlkaV | E164: D4jMxT2fqd7aWx8PO8OoC1IkeEPNmgmm5D7OlkaV | F164: up-profilinghorus-prd-trusted-dar-api-gt | G164: 1kj8ae | H164: profilinghorus-prd-trusted-dar-api-gt | I164: profilinghorus | J164: gt | K164: 5 per second | L164: 3 | M164: - | N164: Active | P164: August 23, 2022, 15:28 (UTC+05:30)
A165: ak-supermarket-prod-public-dar-api-bo | B165: supermarket | C165: 7ezqoboqx0 | D165: ******emKtwX | E165: 9fKChOVu6I9dYzm7kBA7g9mkGrEIB4woaXemKtwX | F165: up-supermarket-prod-public-dar-api-bo | G165: zwr5s7 | H165: supermarket-prod-public-dar-api-bo | I165: supermarket | J165: bo | K165: 50 per second | L165: 25 | M165: - | N165: Active | P165: April 19, 2024, 16:36 (UTC+05:30)
A166: ak-supermarket-prod-public-dar-api-co | B166: supermarket | C166: u0yn38algk | D166: ******Bn7bri | E166: H6PC5vBXhCu5k9akPk876JWneiLpIh13quBn7bri | F166: up-supermarket-prod-public-dar-api-co | G166: 33qji3 | H166: supermarket-prod-public-dar-api-co | I166: supermarket | J166: co | K166: 50 per second | L166: 25 | M166: - | N166: Active | P166: April 19, 2024, 16:37 (UTC+05:30)
A167: ak-supermarket-prod-public-dar-api-cr | B167: supermarket | C167: 26vt9oqwt3 | D167: ******cFkxSV | E167: HqLQ7R1jHz2Psfd4JrIbh7DazlMe2scc5WcFkxSV | F167: up-supermarket-prod-public-dar-api-cr | G167: 8rry58 | H167: supermarket-prod-public-dar-api-cr | I167: supermarket | J167: cr | K167: 50 per second | L167: 25 | M167: - | N167: Active | P167: April 19, 2024, 16:37 (UTC+05:30)
A168: ak-supermarket-prod-public-dar-api-gt | B168: supermarket | C168: 3p1963lv7i | D168: ******hWlW1e | E168: 1VzzKGirSSk8eq6YBcDs5eVuQeIQwa98IMhWlW1e | F168: up-supermarket-prod-public-dar-api-gt | G168: p4ni5i | H168: supermarket-prod-public-dar-api-gt | I168: supermarket | J168: gt | K168: 50 per second | L168: 25 | M168: - | N168: Active | P168: April 19, 2024, 16:37 (UTC+05:30)
A169: ak-supermarket-prod-public-dar-api-hn | B169: supermarket | C169: fi457h273g | D169: ******BObg49 | E169: IIGrdgubG09rAkXRJtZur95WRfLA2EZ83yBObg49 | F169: up-supermarket-prod-public-dar-api-hn | G169: a16o7x | H169: supermarket-prod-public-dar-api-hn | I169: supermarket | J169: hn | K169: 50 per second | L169: 25 | M169: - | N169: Active | P169: April 19, 2024, 16:37 (UTC+05:30)
A170: ak-supermarket-prod-public-dar-api-ni | B170: supermarket | C170: v9mz6mbuz3 | D170: ******K2rECj | E170: LopJI4o63X7ZpPAFGRDVJdsz0unWZpK1IEK2rECj | F170: up-supermarket-prod-public-dar-api-ni | G170: xfu25v | H170: supermarket-prod-public-dar-api-ni | I170: supermarket | J170: ni | K170: 50 per second | L170: 25 | M170: - | N170: Active | P170: April 19, 2024, 16:37 (UTC+05:30)
A171: ak-supermarket-prod-public-dar-api-pa | B171: supermarket | C171: b3f4xgf25l | D171: ******WDpn83 | E171: Xk8sWmqmt28G4ohRwqR1682SovzEKNqx9LWDpn83 | F171: up-supermarket-prod-public-dar-api-pa | G171: 7y1ms6 | H171: supermarket-prod-public-dar-api-pa | I171: supermarket | J171: pa | K171: 50 per second | L171: 25 | M171: - | N171: Active | P171: April 19, 2024, 16:37 (UTC+05:30)
A172: ak-supermarket-prod-public-dar-api-py | B172: supermarket | C172: gfq0ef07p1 | D172: ******4QLAzP | E172: 5A64Rsj3Ff8PAkL2dbEXf2lCCQ4Djapc7K4QLAzP | F172: up-supermarket-prod-public-dar-api-py | G172: k2j7zp | H172: supermarket-prod-public-dar-api-py | I172: supermarket | J172: py | K172: 50 per second | L172: 25 | M172: - | N172: Active | P172: April 19, 2024, 16:36 (UTC+05:30)
A173: ak-supermarket-prod-public-dar-api-sv | B173: supermarket | C173: d2526k2m04 | D173: ******iPQ1pg | E173: TedxQbJIHy5byqpc17p0251Nm5n5lItEayiPQ1pg | F173: up-supermarket-prod-public-dar-api-sv | G173: mqy1l6 | H173: supermarket-prod-public-dar-api-sv | I173: supermarket | J173: sv | K173: 50 per second | L173: 25 | M173: - | N173: Active | P173: April 19, 2024, 16:36 (UTC+05:30)
A174: ak-tbo-prd-public-dar-api-bo | B174: tbo | C174: vjtt1cx029 | D174: ******r9Fp0u | E174: 8XJCBFRLjK54W0mMH0KnS5NF8WITd2fd8mr9Fp0u | F174: up-tbo-prd-public-dar-api-bo | G174: w7fl37 | H174: tbo-prd-public-dar-api-bo | I174: tbo | J174: bo | K174: 15 per second | L174: 8 | M174: - | N174: Active | P174: June 06, 2023, 17:03 (UTC+05:30)
A175: ak-tbo-prd-public-dar-api-co | B175: tbo | C175: 389uf562pk | D175: ******iWiHyp | E175: WZbPBE0RfB7MF48yAZMSR103rXLsqitwabiWiHyp | F175: up-tbo-prd-public-dar-api-co | G175: x2hnw6 | H175: tbo-prd-public-dar-api-co | I175: tbo | J175: co | K175: 15 per second | L175: 8 | M175: - | N175: Active | P175: June 06, 2023, 17:03 (UTC+05:30)
... A209: ak-tigobot-prd-trusted-dar-api-sv | B209: tigobot | C209: oqtd8lfry0 | D209: ******YqnYMe | E209: bbzIx6Hbyx1nP1BpDv0K62hPtY13uxT09KYqnYMe | F209: up-tigobot-prd-trusted-dar-api-sv | G209: 6d1zbl | H209: tigobot-prd-trusted-dar-api-sv | I209: tigobot | J209: sv | K209: 15 per second | L209: 8 | M209: - | N209: Active | P209: June 23, 2020, 16:57 (UTC+05:30)
A210: ak-tigoid-prd-otp-api | B210: tigoid | C210: rxmbqhlr87 | D210: ******kvRx04 | E210: 7NdWJ6CunSnLVycPMcT16K7jFul8Vg72vXkvRx04 | F210: up-tigoid-prd-otp-api | G210: eey9ck | H210: tigoid-prd-otp-api | I210: tigoid | K210: - | L210: - | M210: - | N210: Active | P210: December 08, 2020, 18:28 (UTC+05:30)
A211: ak-tigoid-prd-trusted-dar-api-all | B211: tigoid | C211: gzsqoalb2l | D211: ******BqmDLd | E211: y13HDNsFKY1hosfod1u3S55pzxatd5ckaHBqmDLd | F211: up-tigoid-prd-trusted-dar-api-all | G211: 92b1ot | H211: tigoid-prd-trusted-dar-api-all | I211: tigoid | J211: all | K211: 20 per second | L211: 10 | M211: - | N211: Active | P211: August 05, 2020, 19:30 (UTC+05:30)
A212: ak-tigoid-prod-cmv-api | B212: tigoid | C212: ayx5daumyg | D212: ******C6yZcg | E212: 4DTXiRJ9sA94j8QTn5rl84WyfTwph7n79eC6yZcg | F212: up-tigoid-prod-cmv-api | G212: l6x82g | H212: tigoid-prod-cmv-api | I212: tigoid | K212: - | L212: - | M212: - | N212: Active | P212: April 13, 2020, 15:56 (UTC+05:30)
...
